GeoFips,GeoName,2005:Q1,2005:Q2,2005:Q3,2005:Q4,2006:Q1,2006:Q2,2006:Q3,2006:Q4,2007:Q1,2007:Q2,2007:Q3,2007:Q4,2008:Q1,2008:Q2,2008:Q3,2008:Q4,2009:Q1,2009:Q2,2009:Q3,2009:Q4,2010:Q1,2010:Q2,2010:Q3,2010:Q4,2011:Q1,2011:Q2,2011:Q3,2011:Q4,2012:Q1,2012:Q2,2012:Q3,2012:Q4,2013:Q1,2013:Q2,2013:Q3,2013:Q4,2014:Q1,2014:Q2,2014:Q3,2014:Q4,2015:Q1,2015:Q2,2015:Q3,2015:Q4,2016:Q1,2016:Q2,2016:Q3,2016:Q4,2017:Q1,2017:Q2,2017:Q3,2017:Q4,2018:Q1,2018:Q2,2018:Q3,2018:Q4,2019:Q1,2019:Q2,2019:Q3,2019:Q4,2020:Q1,2020:Q2,2020:Q3
0,United States,14771602,14839782,14972054,15066597,15267026,15302705,15326368,15456928,15493328,15582085,15666738,15761967,15671383,15752308,15667032,15328027,15155940,15134117,15189222,15356058,15415145,15557277,15671967,15750625,15712754,15825096,15820700,16004107,16129418,16198807,16220667,16239138,16382964,16403180,16531685,16663649,16616540,16841475,17047098,17143038,17305752,17422845,17486021,17514062,17613264,17668203,17764388,17876179,17977299,18054052,18185636,18359432,18530483,18654383,18752355,18813923,18950347,19020599,19141744,19253959,19010848,17302511,18596521
1000,Alabama,179846.1,181876.3,181738,184023.8,184398.3,185547.7,185560,185842,184657.4,186079.2,187496.9,187764.3,186746.8,187583.5,186123.5,180668.5,178462.7,178509.9,179061.1,179539.9,179614.4,181898.6,185364.5,185180.5,183881.2,184889.9,185700.5,188196.1,187565.7,187823,185594.9,185231.9,189326.8,188505.6,189814.6,187609.7,185040.5,187596.5,188793.6,188841.6,188020.3,189664.3,190268.1,189762.6,190472.2,191585.3,191506.9,192529.2,193125.5,192926.2,193380,195340.2,197154.4,197704.5,197936.2,199419.7,199819.5,200006.6,201415.8,202075.5,200425.9,183585.7,197739.6
2000,Alaska,44775.5,45197.5,44835.4,45450.3,46707.6,48252.6,48814.4,50379.2,50744.2,51636.2,51542.5,50653.1,49481.7,48445.7,50483.8,55152.8,57293.5,56661.1,55201.2,54486.5,53196.2,54431.8,54776.7,54471.3,52854.8,54074.9,54789.7,57171.2,57093.6,58639.7,58173,56963.9,56207,54228.6,54563.6,53993.2,53077.2,53290.9,53552.4,54001.9,54513.6,53918.1,53830.5,53799.1,54245.1,53348.1,52824.4,52738.3,52817.7,52731.2,53108.2,52646.4,52871.3,52919.4,52878.7,53045.5,53046.5,53031.1,53503,53440.2,52615.9,47460.3,50890.9
4000,Arizona,255931,261074.4,266993.9,268190.2,274004.3,274871.2,278152.9,281727.4,281852.7,284289.8,287169.4,285935.1,283803.1,281617.2,277282.8,266727.2,258481.7,253989,251940.2,255216.8,252585.7,256310.8,259009.7,261681.2,260639.9,261620,262487.7,267828.8,267784.9,268817.2,267627,268043.4,269143.5,268989,270037.1,271700.2,271951,273310.4,275544.6,275645.5,279574.9,281709.8,281499.6,284958,286436.3,290018.5,293655.5,294928.1,298506.6,299757.4,304287.1,305919.9,311712.7,312751,314836.7,316763.9,318965.8,321335.6,325081.4,329007.5,326367.3,303451,324679.8
5000,Arkansas,103269.3,103956.6,104780.7,107027.6,106559.6,108033.2,107154.2,106589.3,104172.1,104979.8,105340,110598,105463.2,107207.9,106457.1,104564.6,104491,100904.4,101782.6,102876.2,102007.9,104978,106882.3,107026.3,106796.9,106977.3,107183.2,108325.1,108927.7,108340.9,107248.9,106357.7,110322.3,109965.4,110735.8,110182,110510.1,111574.5,112096.9,112738.1,111911.2,112640.5,113615.6,113588.1,113271.2,113455.7,113122,114112.5,114678.1,114822.3,114580.1,115722.2,116118.2,116700.1,116773.8,117203,116707.4,117149.8,117685.9,118245.3,117049.6,107857.2,115567.7
6000,California,1957710.6,1974674.8,2002358.9,2020201.7,2068995.2,2062341.5,2073004.4,2084755.5,2075803.3,2090233.1,2107340.5,2138682.4,2103856.9,2142702.6,2135739.3,2060085.7,2051789.4,2020838.1,2011201.8,2018703.3,2039276.4,2044921.6,2050435,2093328.5,2086244.5,2092379.1,2085234.1,2099489.6,2127739.5,2131359.4,2143416.6,2173842.9,2173737.7,2194607,2226667.6,2283429.5,2266757.6,2298574.3,2344952.6,2355040.3,2403036.5,2441494.7,2449234,2455702.5,2494147.1,2498404.2,2532052.3,2551930.8,2583442.6,2612385.8,2641495.5,2675934.5,2680610.4,2703367.1,2717531.8,2734358.3,2758794.6,2792062,2802897.8,2848267.1,2817221.7,2562916.9,2742917.6
8000,Colorado,249989.5,251443.1,253094.9,250538.8,255773.1,254216.5,257310.3,257309,258775.8,263027.8,265673.7,271180.9,267585.8,269649.4,269152.1,265472.2,264666.1,260176,262049.6,262961.5,262102.8,263014.1,265808.5,270351.7,267080.1,267819.1,268260.4,271054,271959.9,273726.7,273186.3,275502.6,280138.3,280389.5,283575,286319.2,288159.3,291881.1,296587.7,302620,305883.2,307713.1,309960.6,312038.8,310681.2,312917.8,317699.6,321873.2,323179,325580.4,330620.9,334660.6,339705.9,341981,343228.4,346546.8,350595.9,354001.9,359155.5,361367.3,360166.6,331687,354244.5
9000,Connecticut,240622.1,242116.3,241800.5,244982.3,252546.7,250172.2,250315.3,253484.3,261483.1,261604.1,261727.2,259157.8,271741.2,266600.6,256334.5,242863.7,250015.8,247869.5,247663.7,248899.2,247104.2,248892.9,248906.6,246603.7,240675.6,243417.2,241812.1,243388.2,244235.1,244749,243883.8,243589.7,240169.7,238128.3,238746.4,237441.3,233507.7,236476.4,239025.2,241792.5,244711.8,245993.8,244973.4,245538.9,246319.9,246004.5,245287.6,246252.4,246160.6,248828.8,248953.3,248365.6,249589.4,247717.9,250471.4,248394.6,251391.6,250666.7,251046.5,252214.6,248334.4,226222,242765.5
10000,Delaware,59019.3,57742.5,57759.6,64766,61219.4,62038.2,61527.2,60676.6,61166.1,62725.3,61044.8,59981.3,59150.6,59175.9,58811,57413.5,60587,61359,61457.7,59985.8,60993.8,59808.9,60399.7,61105.5,61900.8,62324,62962.9,62818.1,63388.3,62379.2,61577,60122.2,59050.9,58754.8,58956.5,61222.1,61749.5,63760,65155.2,65829.9,66950.6,68029.8,65817.8,65309.6,63185.4,63166.2,62643.2,62561.4,62442.4,61018.7,61870.9,62072.3,62349.7,62903.1,63893.1,63504.5,64246,64299,64229,64503,62574.3,58822.5,62521.7
11000,District of Columbia,100146.6,100181.4,99755.6,99953.8,100430,100045.1,101079,99709.6,101069,101681.8,104989.8,104383.7,106720.5,106541.6,107095.9,106863.8,105981,106434.1,106405.2,106685.2,108951.9,109746.2,110171,110894.5,111236.4,112099.9,112339.2,112042.3,112117.8,112970.9,112940.7,112410.4,112817.9,112188.8,113040.6,113198.2,113918.5,114267,115193.4,115880.4,116270.2,117222.1,117080.5,117471.4,119120.7,119301.7,119107,120151.3,118855.4,119473.7,121565.7,120948.9,121744.9,122473.7,123421,123007.9,123090.7,123578.5,124107.3,124940.6,124570.8,117650.7,122934.4
12000,Florida,793779.7,800348.7,817169.1,815922.6,830657.1,832720.6,833118.7,841241.7,832737,834980.8,839621.5,835209.4,820662.4,815375.6,802979.9,775410.5,764774,756770.2,753743.3,762441.3,757788.4,764863.9,770979.8,772983.6,760722.4,767057.5,760308.4,765848,767900.9,765732.6,771850.2,769407.9,779393.9,779311.4,785974.9,792273.4,791463.9,801798.8,811315.8,819538.9,827573,839558.6,846725.3,855220.5,855807.6,866260.9,877547.7,884236.6,892458.9,896952,903030.2,915173.2,929250,931369.6,941547.9,944153.6,955902.7,958261.2,965351.7,973507.9,962898.2,880375.1,946128.7
13000,Georgia,442440.1,444455.6,445594.3,450723.6,449026,449315.4,451123.2,454577.3,447201.4,450938.4,454743.7,457943.2,447128,448543.4,444473.7,429056.7,424781.3,425165.3,424510.4,426166.1,426450,427795.5,431799.7,436762.8,436212.6,436163.5,437950.1,441914.7,442687.3,444064.2,444413.4,443099.3,448816.5,447885.5,449647.4,452834.9,456904.9,463782.8,468696.6,471167.1,477848.3,484056.6,486529.3,489079.4,496548.6,498437.2,501692.7,506958.5,514040.6,515119.6,519931,528719.4,532848.3,536756.9,542342.3,542975.7,544005.8,545658.8,548905.6,551120.4,545463.2,502949.1,539836.8
15000,Hawaii,67637.4,68157.3,68758.9,69658.3,69765.6,70319,70744.6,70708,70348.1,70576,71608.4,72186.3,72219.8,72659,71711.5,70134.4,69409.1,69139.2,68777.4,69164.2,70035.9,70480.5,71657.2,72126.5,71956.7,71980.1,71875.6,73132.5,73286.6,73790.6,74018.4,73611.2,74640.8,73995.5,74227,74313.1,73745.2,74246.1,74901.7,75069.3,76457.1,76997.6,77333.6,77918.1,78459.1,78842.3,79178.5,79894,80794.4,80904.1,81112.8,81346.7,81932.6,82528.6,82045.1,82309.1,82329.9,82130.6,82441.8,82983.4,81068.5,70674.2,75658.3
16000,Idaho,54316.3,55114.8,56093.8,55998.6,57441.5,58113.5,57062.8,57777.8,58081.1,58313.3,58731.7,59740.4,59628.5,60507.6,60216.7,58626.6,57803.2,56574,57051.8,56862.9,57640.6,57639.2,58129.3,58402.4,57496.8,57733.7,57656.8,58413.9,57708.1,57822.2,58057.2,57532.7,58910.6,59768.6,60244.1,60944.1,60754.3,61285.9,62003.2,62609.5,63470.8,63077.2,63295,63099.7,64649.4,65313.1,66214.6,66395.9,66905.2,68223.5,68820,69699.9,71737.7,72239.5,72488.2,73356,73808.4,74402.5,75256.6,76280.9,75911.4,68821,75295.8
17000,Illinois,686380.1,686430.9,690693.7,690585.7,704552.7,705693.4,704902.4,709188.1,708845.4,711732.9,712580.8,718482.8,706047.2,709440.1,706313.4,685367.1,679494.4,680725,682906.9,690601.7,683930.4,691143.7,699426.1,701507.6,701087.6,705959.5,705112.4,714661.3,723563.3,724713.7,720520.5,714728.4,721398.1,716749,717931.2,723610.6,722470.7,734821.4,742187.9,744025.2,743695.8,747003,751340.1,748628.1,745046.6,745643.5,743415.5,751374.3,747671.1,750061.8,754722.1,757381.8,767710.4,767965.3,771238.4,771610.8,773419.4,769635.5,774889.3,774597.9,762096.5,697776.3,751378.3
18000,Indiana,282846.2,285223.7,287013.7,287348.2,290108.3,291081.2,291925.3,293705.9,293189,298210.6,301188.8,305075.1,303822.5,304172.4,298567.2,287680.5,274751.5,274155.7,276676.1,285470.9,289610.4,295012.9,298576,298904.7,295791.6,296148.5,295527.7,299229.3,299064.7,299678.1,298141.5,294380.1,304726.2,301545.4,304568.2,305027.3,309454.4,314797.5,316641,314430.6,311153.9,312997.9,311333,311916.8,312408.3,315247.6,317973.2,320553.3,320974.3,321880,322649.6,326373.4,331119.2,331035.2,332306.5,334166.5,334871.2,336202.2,338925.1,340545.7,335994.7,304019.2,332611.9
19000,Iowa,143282.7,143949.7,145060.7,143327.9,145094.4,146275,145463.4,147440.7,149938,152857.8,153098.8,153970.2,153070.1,152162.9,148999.5,144709.4,143348.3,144638.7,147065.3,149842.2,148128.3,150138.3,150765.7,151364.5,150276.8,150478.4,151534.4,156323.3,157598.8,159677,158500.6,155578,157640.3,156566.5,158200.3,159202.8,160575.2,165972.1,167990.5,168027.7,169423.4,170069.3,171165.2,171525.7,169536.2,168345.3,170148.4,169925.4,169704.2,169201.3,167876.7,169123.9,172113.1,173435,173166,172664.6,172944.6,173210.5,174246.9,173659.8,172778.4,159023.1,171842
20000,Kansas,121819.5,122424.3,123351.4,121707.3,127980,128958,128488.1,130233.5,133442.4,135179.6,135909.9,137765.8,139306.2,141035,139694.4,135254.5,133309.5,133021.3,133482.3,135160.3,131971.4,134203.5,136604.7,137948.6,136747,139410.6,139083.8,139886.7,145464.4,142677.1,137745,137170,138788.1,139757.4,140245.8,142631.8,139108.2,142938.6,146522,147957.2,145083.2,147715.5,148883.3,150037.1,149918,152084.4,153506.7,154537.1,154372.5,154203.4,154238.2,155012.2,157086.1,158515.5,158726.7,158442.5,159201.5,159771.4,160148.9,161115.6,159673.1,145906.7,157061.2
21000,Kentucky,165864.1,168441.7,170092.5,170963.1,173240.2,174324.7,173542.6,172924.3,170153.6,171249.1,171674.7,174323.7,174084.6,175611.6,171922.3,167350.3,164972.3,163397.7,164679.7,168152.8,167496,171828.4,174834.6,174907.6,172189.8,173262.7,173809.9,177548.5,176751.1,177307.1,176421.4,174812.8,180663.3,179011.1,179511.4,178810.8,178277.2,180316.4,180641.6,180318.8,180945.5,182947.7,182842,183216.3,181394.9,183095.4,184624.5,184704.8,184102.7,183675.3,184500.1,186125,186509.2,187269.2,187554.1,188696.9,189572.5,190026,191287.3,192360,189907,170843.7,186240.4
22000,Louisiana,245979.3,248901.1,244426.8,243602.8,244602,243884.5,242410.5,242617.1,235580.7,234147.7,233951,234408.1,232658.5,235378.6,235969.6,237865.9,238396.9,236921.4,238865.7,241502.9,246284,249210,250534.9,245396.9,237146.5,234024.7,231181.9,234845.6,236978.1,237499.8,231246.1,228200.9,228136.4,225324.5,225772.7,226147.8,226367.2,232483.1,235512.8,236621.8,233161.3,230908.4,229960,227706.4,225930.4,225398.6,224509.9,225608.3,227852.4,228623.5,229075,229726.3,233518.7,234649.8,235046,236872.9,238611.5,238443.3,240978.6,241835.4,234288.9,213207.6,229019.5
23000,Maine,53293,53432.4,53587.8,54112.8,54178.6,54527.5,54190.7,54219.2,53565.3,54107.6,54202.3,54192.9,54262.8,54408.7,54139.7,52892.1,52417.3,52815.4,53346.8,53722.8,53591.2,53855.6,54154.4,53559.1,53091.8,52900,52749.1,53611.9,53211.4,53486.6,52883.6,51884.9,52684.1,52096.9,52328.6,52715.8,52719.2,53282,53671,54108.2,53144.5,53845.8,54003.1,54523.8,54510.9,55204.9,55075.4,55561.1,55712.3,55674.3,56102.9,56369.3,56998.8,57324.3,57569.8,57317.7,58383.3,58325.8,58987.8,59476.6,58487.6,52632.3,56972.6
24000,Maryland,300756.5,303810.4,309197.3,310740,310766.4,310789.4,311914.2,312968.3,309981.2,312799.8,311679.9,313345.1,316147.9,317767.6,316203.7,312776.7,310879,312997.4,315701.8,319371.4,323242.6,325518.4,327668.8,331925.1,330427.9,334149.8,334684.4,336593.2,337053.9,333835.5,335805.4,331527.3,334998.9,332801.5,334679.4,335244.3,334915.2,339938.7,343161.9,341949.5,346381.2,347445.4,350005.5,352755.1,355727.3,358569.6,361192,364461.1,363564.9,364549.9,366162.6,369150.5,368137.2,369294.5,368786.4,369023.3,371303.2,372960.5,374664,377229.3,373780,344685.5,367486.6
25000,Massachusetts,388427,389352.8,393521,394548.5,396314.6,397633.7,396171.8,402990.6,402427,405958.2,410595.8,415118.8,414298.2,417439.7,412291.1,404738,404920.7,405680.7,408905.1,412780.1,416978.4,422765.8,429492.8,430877.9,425620.1,439666.2,433708.3,441637.4,441524.3,445274.8,446506,444607.6,444171.8,444088.1,447713.9,448787.9,444362.9,449348,457112.8,464289.1,466865.4,472666.5,471805.2,476579.6,474323.5,477587,482519.1,482309.9,484078.3,488372.2,493551.4,497494.7,503513.7,507673.4,509108.6,510928.3,517131.2,518750.6,521749.5,522215.3,516459.9,469669,504488.6
26000,Michigan,451063.6,452046.8,449223,450210.2,444284.1,445623.2,443601.3,440737.1,443904.4,442956.1,442571.7,435049.4,426752.7,423863.3,414039,401850.8,376041,378219.1,379342.3,386590.3,386758.2,399788.2,409175.4,408045.3,408694.1,407648.7,408924,420441.9,418168.6,418743.5,419511.3,418545.7,424675.4,423895.7,426120.9,426617.3,423841,430956.9,434442.5,434502,437734.3,442123.1,444153.1,445139.9,445512,451582.7,451345.9,455663.2,455027.9,456275.9,456730.3,461332,466863.5,467842.8,468499.3,468106.4,469147.6,469482.7,473470.1,474492,464779.9,413032.1,452637.8
27000,Minnesota,280008.2,280826.4,285838.1,283277.4,283516.2,285363.6,280775.5,280668,280043.8,284526.6,284265.9,286594.9,287245.2,287258.9,289838.1,280030.8,274659.5,274392.5,275169.7,279911,278938.7,283004.8,287177.8,293863.9,289008.2,294243,291777.7,294071.7,296143.4,295978.3,296942.3,296026,298957.4,300803,305998.6,307131,306831.4,311939.5,315575.5,313989.4,316458.3,315457.5,316748.3,318789.3,317807.7,319371.4,324621.8,326119.1,328768.2,327256.3,325569.9,329075.7,334381.4,336989.2,338546.3,338946.7,338981.1,339517.4,341818.2,343849,337866.2,307558.5,332320.1
28000,Mississippi,94242.4,94475.5,95113.9,98167.8,96628.4,98160.7,98187.6,98917.2,98723.4,98979.6,100966.1,102876.7,104209.2,106003.5,104950.8,102723.5,100793.4,100055.9,99287.3,99002.3,99563.9,100274.7,100445.4,99889.3,98485.9,98538.8,98419.7,99617,101083.6,100507.1,99291.9,97582.9,99976.5,98394.5,100507.4,98947.2,98525.5,100252,99632.4,99594.8,99555.9,100098.9,100316.1,100083.5,100847.8,100270.2,100028.4,100501.8,101437.5,100691.5,100906.8,101251,101510.4,102292.1,102126,102318.4,101956.7,102082.4,102924.3,103662.2,102683.4,92942.6,101006.5
29000,Missouri,261044,262983.6,263990.8,265111.2,264668.7,266364.6,263492.7,263158.2,259537.1,263873.1,265916.9,268884.4,269025.1,274370.3,269850.6,273672.4,264701.8,263726.7,265122.7,265938.8,268455.7,269126.3,269718.4,268931.2,264932,265930.2,265729.2,268427.1,270109.8,269692.6,267996.4,267649,272422.4,271089.8,271299.7,271091.7,267792.9,271804.2,275069.9,276480,276534.6,277142,277074.3,274515.7,276087.2,275536.8,275353.6,277866.1,276445.9,278832.1,279706.2,282073.1,282684.4,285606.9,285386.8,285107.1,287010,286177.1,288072,289378.1,285612,259263.5,280340.8
30000,Montana,36823.5,36764.8,37082.7,37641.5,37749.7,38224.7,38742.5,39178.9,39924.1,40454.4,40478.6,40750.6,40549.3,40333.1,40085.6,39482.8,39519.1,39137.4,39604.6,39291.4,40375.7,40460.1,40647.8,40896.6,41139.8,41294.2,41315.5,42295.5,42212.1,41917.8,42054.2,41982.1,42421.4,42330,42448.1,42519.1,42617.2,43154.1,43535.7,43833.5,45040.6,45227,45316.1,44586.1,44748.8,44127.4,44334.8,45111.9,45180.6,45774.7,45563.4,45403.9,46324.4,46621.2,46508.7,47055.7,47310.4,47518.4,48211.2,48625.3,48025.2,43805,46847
31000,Nebraska,87448.4,88373.8,89567,90940.2,90240.1,93327.9,91077.8,91495,93111,93176.5,93100.1,94937.1,94517.4,96056.2,94766.5,90940.3,93775.8,93204.5,94365.2,96028.2,95715.7,97898.5,98588.7,99117.3,102074.1,102177.5,101727.2,104761.4,102330.3,103591,102188.7,102311.3,104604.2,103845.8,103996.9,103452.4,105952.6,107632.4,107646.8,108345.7,110040.6,111073.2,111169.6,110728.2,110049.7,110540.2,111878.9,113978.2,112735.5,113978.8,113898.5,114404,115271.3,114950.9,114460.3,115669,115303.5,116603.3,118246,119428,118385.2,107878.8,115887.2
32000,Nevada,135633.9,139612.3,139351.5,140588,143566.7,145437.9,144402.3,144999.6,144065.8,143455.5,143898.8,145840.1,142010.7,139709.3,138558.9,134075.9,129726.2,126981.8,125678.9,126048,126438.1,128491.2,130092.8,130493.3,129037,131019.9,129571.3,129364.1,128929.8,128093.3,127593.8,126539.3,128438.9,127424.8,128114.1,129387.1,128567.2,128648.8,129432.9,130971.9,132440.9,134748.2,135631,136748.7,136709.7,136994.7,140886.2,139965.1,142205.9,142933.5,144909.1,144315.2,148151.5,148924.1,149691.9,151884.3,152088.2,152758.8,154518.2,155549.2,153612.4,133952.7,148792.5
33000,New Hampshire,63902.1,64326.8,64624.5,64546.7,65183.8,65112.7,65656.6,67754.4,65155.1,66512.1,65413.4,65617.9,65800.6,65527,65093,63420.6,63521.4,63501,65251.1,65404.9,65188.8,66856.4,66914.3,66882.6,65905.7,66952.6,66654.1,67924.8,67095.7,67357.2,67780.1,68309.6,68213.9,67849.4,68104.1,68330.4,67916.4,69533.8,69537.3,71038.3,70026.8,71391.6,71341.4,72916.5,72358.2,72985.5,73462.2,73285,73422.5,73561.3,75041.6,74989,75959.1,76129.9,76433.4,76138.6,77656.1,77102,77153.8,77049.4,76630.5,68288.4,74396.5
34000,New Jersey,509324.6,511090.2,515745.1,516303.7,520164.6,526247.4,523099,525859.1,520313.6,526488.1,526465.4,533376.9,538887.7,538327.2,533830.8,519852.6,510201.1,506920.9,511084.2,515123.8,517294.6,515525.9,517714.4,515067.1,506377,510205.8,509523.7,516986.8,520654.6,518668.6,522756.7,516196.2,530374.5,525806.5,525274.4,526104.2,521418.5,524126.6,525817.4,526319,532833.1,535671.9,536899.9,535733.1,540492.4,538903.8,540502.9,541622,535106.9,539262.9,543072,545184.8,544460.3,548025.2,550326.4,553191.4,553977.1,554616.1,558114,560216.6,555552.2,497613.7,538512.1
35000,New Mexico,83930.8,84259.9,83411.4,83573.3,85561.8,85664.4,85784.1,86398.9,85854.3,86623.2,87212.7,86207.8,84870.7,84953.4,85507.4,88420.2,88372.2,87232.5,87525.1,87417.3,86548.2,86334.3,86712.2,88620.6,85606.8,87026.1,87431.6,88835.4,88018.8,88880.1,87485.2,86195.1,86579.7,86322.4,86387.8,87209.3,86905.6,88400.9,90084.1,92098.2,91808.7,91442.2,91778.2,91688.9,91944.2,91691.1,91340.9,91879.2,91508.3,91638.1,92002.5,91940.5,92873.7,93593.5,93896.1,95120.5,96822,98204.1,99808.2,100228.6,99030.8,91126.5,96089.7
36000,New York,1149324.5,1161050.6,1173769.1,1186416.4,1204384.4,1195324.3,1187107.4,1199963,1237931.7,1199973.3,1193769.3,1182336.8,1196012.6,1179825.8,1181960.6,1153861.3,1171949.8,1223081.5,1237292.8,1252699.8,1267852,1285548.5,1266068.1,1252419.3,1278289,1264859.4,1261073.7,1277844.8,1297972.3,1318357.8,1331269.2,1346003.8,1313579.1,1321719.4,1327387.5,1339274.1,1330951.5,1340372,1354218.9,1364696.8,1364384.4,1379912.4,1381233.8,1363399,1398438.6,1401470.2,1391395.3,1399590.7,1422244.9,1411354.5,1420018.3,1446004.1,1458221.8,1468729.1,1475062.3,1466294.1,1483711,1492559.1,1490835.2,1495608.7,1472028.6,1315024,1404848.2
37000,North Carolina,402902.9,403129,407391.8,411752,428580.3,431655.2,431467.4,435481.8,437892.1,435256.8,434523.6,439396.6,448461.8,451605.8,449026.8,437356.8,418952.6,423875.2,430150.8,436996.6,430092.2,432202.7,433615.8,439756.1,436945,442169.3,436553.7,438025.7,443318.5,438383.9,439903.9,436552.3,441335.5,442286.8,447697.2,449118.8,452209.2,453068,457368.3,458537.4,466769.5,470194.6,470784.7,470393.7,474710.5,474387.8,477449.5,483547.5,485660.2,486750.7,488842.1,494853.5,497314.5,503155.9,502254.5,505095.3,506881.6,509507.3,513146.8,516623.8,512065.9,467579.4,504659.2
38000,North Dakota,28990.4,29151.2,29142.8,29381.4,29835.1,30513.2,30383,30753.8,31107.8,31466.4,31875.4,32711.9,33703,34121,34743.6,34649.9,35081.5,34844.2,35638.6,35624.3,36461.4,37678.1,38436.8,39323.6,39569.6,40897.4,42447.4,45919.6,48765.5,51786.6,52801.3,53145.3,51225.9,51865.2,53090.4,53360.5,54299.9,56335.5,57259,58324.1,57045.8,54917.5,54363.1,53943.1,52251.6,50780.9,50897.6,50619.1,50979,51693,51217.2,51275.7,52763.7,53402.3,53878.3,53847.1,53836.8,54045.7,53935.9,53902.4,53687.7,49524.9,52089.7
39000,Ohio,539674,543135.4,547260.7,546955.5,542326,543048.1,541378.7,539721.8,541209.4,541118.1,542446.7,541931.4,541116.4,543221.7,535316.1,512760.4,510835.5,503435.7,504203,508291,511129.5,517321.5,524647,528104.6,529240.1,533365.4,537145.1,546582.5,539979.6,543015.7,542065.8,538468.4,547480,546648.6,551497.3,557143.2,558649.8,569378.4,577956.9,579713.7,577551.3,580068.1,578806.7,583346.8,580248.9,584164.5,586547.5,589218,589662.3,591633.8,594012.4,595594.4,600599.8,604794.4,609132.7,610039.3,612953,612732.4,616955.4,619256.7,610345.8,552235,597309
40000,Oklahoma,141886.3,143532.2,143631.1,142249.8,157645.4,151861.7,150178.2,150242.3,151862.4,154433.9,157492.7,157552.8,157459.5,160623,161239.5,166426.1,162188.4,158969.9,159658.9,156669.1,156464.3,159709.1,160986.6,160979.8,159254.7,163435.3,167171.7,170977.1,172321.5,173711.2,172625.7,174296.8,176257.4,175660.5,175993.4,179539,179479.5,183703.7,189515.3,192529.5,194191.1,191011.3,194034.2,193714.2,190802.8,188546.8,186918,185985.5,186772.3,188666.6,188395.4,188794.5,191198.7,192463.5,193257.7,195899.1,198134.5,197739.2,198518.9,197208.9,193501.4,176264.4,186075.7
41000,Oregon,156752.8,156984.9,158869.9,160867.2,166218.1,166645,168528.1,170251.1,167485.5,169576.5,172442.6,174561.7,174220.7,175587.4,175225.4,170174.7,168558.5,166124.1,166106.4,165537.5,169423.9,167817.9,169128.4,169684.8,173190.7,173725.5,172643.4,175965,175883.6,175429.3,174781.7,171615.8,174113.9,174667.4,176403.4,178061.7,177398.6,180743.5,183783.8,185093.9,189005.3,190512.2,193660.9,194278.4,199153.3,200276.7,200954.4,203853.4,205692.1,208576.8,210470.4,213586,216680.5,218211.7,220587.9,221639.6,223456.1,223805.2,225674.6,228411.3,226119.9,205399.2,221433.2
42000,Pennsylvania,581217.3,584721.3,590529.2,592628.8,585572.9,589733.1,593666.5,596038.2,599970.5,604157.2,614159.7,622853.3,622639,632163.8,625870,611599.9,600701.4,599804.1,602518.5,617043.4,611213.6,619219.5,627420.2,630706.8,621432.5,629322.5,632590.2,640281.1,639533.8,642078.1,643237,637803.4,646367.3,649548.5,651515.3,655777.9,654587.2,663992.8,672077.1,675566,680237.3,681620.4,682413.3,685837,688133.3,689204.7,694287.8,693639,690972,692116,698880.3,700274.9,702953.7,707071.7,711415.2,713986.8,721034.6,724005.3,728568.4,731055.1,720203.8,649251.3,700449.9
44000,Rhode Island,51586.1,52298.6,52302.9,52956.6,52568.2,53714.6,54247.9,53439.1,53128.9,52144.1,51728,50975.6,50968.3,50561,50141.7,49976.8,49402,49972.1,50552.7,50942.5,50829.2,51280.2,51664.5,51685.1,50393.3,51707,51353.1,51597.9,51746.5,51795.1,51659.7,51228.5,52010.6,51424.7,51654,51626.8,51694.4,51782.1,51930.8,52614.6,52653.6,53004.8,52834,53339,52610.6,52869.3,53398.5,53242.6,52098.6,52498.9,53191.9,53121.3,52775.1,53152.2,53042.9,53571.9,53918.3,53697.5,53375.8,53680.3,52967.7,48022.2,51809.4
45000,South Carolina,165174,166148.3,166964.5,167968.3,169935.8,170119.4,169923.9,171354.9,171216.7,173902.6,176150.3,177902.7,175606.8,177178.6,175641.4,169836.2,167141.1,165843.4,166329.6,168409.7,168082.7,169828.6,170865.2,171831.1,172454,174895.8,173848.7,175277.8,176534.8,175484.9,175201.3,174093.1,177906.4,176941.5,179790.5,180391.1,180390.3,184013.4,184842.2,185072.9,187374.5,189137.3,191864.4,192800.2,193935.6,195670.3,197000.7,199303,201346.7,202060,202788.5,204382.7,206716.8,208328.4,209587.5,211417.2,213915.6,213139.2,215607.3,217072.7,212453.7,192505.6,208831.2
46000,South Dakota,35625.5,35556.6,35884.2,36060.3,36204.8,36531.3,36458.7,36379.1,38114.4,38414.3,38002.5,38285.1,40488.1,39913.1,39420.3,37995,39497.3,39783,40318.2,39967.2,39534.3,39768.3,40902,41264.5,41874.9,42506.2,42691.2,44716.3,44458.5,44198.4,41844.4,43701.6,43623.8,43763.9,43801.2,43761.9,44729.3,44840.4,44345.6,43883.5,44795.8,44967.3,45291.2,46432.8,44865.9,45354.4,46315.8,46398.4,46823.6,46350.2,45751.5,45170.3,47566.3,47153.7,47190.7,47237.2,47022.2,47296,47815.7,48105,47812.8,43923.2,47092.2
47000,Tennessee,261815.9,262784.4,266278.1,267733.5,269882.2,272356.1,270792.9,272347,264993.7,266884.1,269088.4,273706.7,272916.5,274500.7,274177.8,266114.8,263747.1,262082.6,261373.9,264143.2,265240.9,265572.6,266402.3,268678.4,269921.7,273567,275519.7,279498.2,281652.6,284781.1,283282.5,284211.9,288407,285672.9,287126.2,287830,288354.6,291275.9,293025,293991.6,298494.3,303051.5,305004.2,305330.8,305723,306259.9,308443.6,312203,312783.1,313116.6,314445.2,319054.8,319828.6,322944,325065.4,325429.3,326298,327761.5,329814,329751.7,326489.8,286849.2,315609.2
48000,Texas,1131197.9,1126763.8,1130243.1,1141996.9,1184147.8,1200449.1,1213187.1,1238288.9,1247543.5,1275603.5,1281786.4,1290595.1,1271880.3,1268124.2,1269399.7,1289244.3,1275934.1,1262127,1267697.4,1278100.1,1290573.9,1295349.4,1306443.3,1314866.7,1322486.4,1338919.7,1342526.2,1370870.9,1390511.9,1404447.6,1410029.9,1436801.7,1449416.2,1464718.9,1480840.3,1486883,1474567.3,1506361,1536317.5,1557209.1,1597218.6,1581870.1,1599332.3,1605456.9,1603378,1601506,1606968.7,1614466.5,1629294.7,1643347.5,1657942.7,1674733.1,1694996,1712782.1,1719008.4,1734137.6,1752426.1,1753456.1,1774150.7,1777395.8,1749000.9,1605492.3,1713361.5
49000,Utah,106622.8,107848.6,110102.5,112539.1,115635.1,117524.7,119491.7,121833.1,121812.7,125072.8,125294.3,125855.5,123688.6,124880,124021.5,120938.5,121666.1,120859,120731.7,120733.3,122235.3,121900.1,123759.4,126010.5,126040.9,127452.3,127297.1,128077.5,129173.9,128620.4,128010.8,129251.9,131051.3,131550.9,133182.6,132891.7,134726.8,136058.2,136673.2,137842.6,139490.9,141121.9,142102.7,143692.4,145257.6,146226.1,148373,150365.3,150516.1,152452,155266.5,157709.4,160119.1,162582.4,163516.1,164080,167404.4,166872.4,169604.3,171289.9,169580.4,159178.3,171387.9
50000,Vermont,26850.5,26749,26921.6,27076.8,27375.5,27207.6,27098.3,26823.8,26614.1,26748.7,26908.2,26901.8,27537.6,27547.4,27526,27094,26820.7,26723.7,27054.9,27399,27576.6,28053.7,28437.4,28396.7,28242.3,28648.1,28625.8,29415.6,28994.5,29302.5,28931.5,28346,28639.8,28435.4,28150.8,28245.6,27950.4,28287.6,28778.8,29023.7,28741.8,28850.6,28965.8,28948.1,29113.2,29102.4,29296.9,29312.4,29195.8,29183.4,29376.9,29493.3,29457.8,29636.4,29550.6,29616.7,29893.7,29679.9,29791.1,29860,29416.7,26079,28516
51000,Virginia,408780.2,414261,419630.7,419770.6,425011.6,423598.1,422785.4,422489,424532.5,425335.5,428858.8,428919.7,426070.4,429017.7,429550.4,423647.1,421364.3,424928.2,426938,431500.5,432406,437406.9,440249,441796,438667.3,441345.7,442254.3,446775.1,444827.1,445245,446292.7,444118.2,448574.1,445713.6,446404.5,445807.8,442821.9,446393,448073.4,449874.3,451241.5,456166.7,458256.1,457655.7,455292.7,458340.1,460719.5,466387.6,464823.7,467113.4,468674,471890.4,475924.7,478048.9,479923.8,481442.5,484851.8,485923.1,491333.4,494565.5,488269.3,451258.2,481349.8
53000,Washington,339148.1,342567.3,341892.8,348839.5,353512.2,354627.7,356901.8,362506,365258.3,376010,383049.2,388848.3,382416.5,384318.5,386790.4,375768.7,370605.5,371882.7,372056.1,376707.9,375790.7,381619.2,383656,384985.2,384852.5,386397.1,386542.8,394603.5,399272.4,400765.5,403399.3,399055.8,408639.2,408334,414457.6,414444.7,418184.6,422380.6,431760.7,433600.6,438944.7,445779.4,451097.4,450691.8,460538.6,459426,463427.6,472503.8,479487.9,484216.4,493151.9,500883.9,515142.6,521038.2,531547.8,530218.8,541236.1,544995.3,552265.1,556250.1,552600.5,513389.8,555011.6
54000,West Virginia,65059.6,66067.4,65520.2,65696.8,66302.3,66551.5,66457.6,66644.1,66025.2,66380.2,66827,66816.8,66616.3,67538,68029.3,69041.5,68841.7,67682.1,66857.1,67204.8,66736.4,67971,69812.2,69376.7,68174.9,69685.7,69813.8,70634.2,69831.4,70102.7,69027.9,68380.5,70143.5,70091.3,70068.5,70181.7,68648.8,69712.4,70080,70441.8,70478,70457.9,70305.9,70089.1,70212.8,69252.7,68958.7,68681.6,70024.9,69454.1,69696.6,69797.3,70517.6,71524.8,72417.7,72974.6,72589.8,72543.8,72569.5,71658.7,70429.2,64508.8,68944.7
55000,Wisconsin,260063.7,261391.5,264582.7,262234.8,266022.1,266453.1,266895.1,267270.1,267296.5,267665.9,268717.6,268521.2,266069.1,267391,265284.3,259354.3,253706.9,255548.3,257881.4,261363.2,260694.5,263503.6,266742.2,269525.8,267507.1,269715.1,271676.6,273766.6,276125.6,275919,273450,272667.2,274973.8,274430.8,275728.1,277462.2,276837.7,282607.6,283833,284846.6,286468.5,288195.3,288743,289633.6,289914.9,290673.7,292811.9,291881.7,292210.5,292159.4,295710.5,296526.3,302501.8,302578.4,304502.5,305486.8,306995.8,307575.4,307709.2,309898.3,302876,274434.6,298690.5
56000,Wyoming,33009.9,33690.6,32789.9,33178.8,35554.6,37013.1,38391.2,39369.9,39716.1,40221.5,40386.9,41053.2,41404.4,41626.6,42156.4,45374.2,44889.8,41759.8,40275.4,38790.5,39335.4,39869.1,40275,39892.3,39296.7,39380.4,39225.3,39858.9,39077.9,39064.3,37900.5,37708.3,38824,38308.2,38370.4,38590.2,38006.6,38418.6,38898.3,39520.9,40438.9,39479.1,40063.4,39614.5,39806.4,38110.2,37412,36990.3,37322.7,38132.8,37958.8,38050.8,38483.8,38726.7,38719.1,38855.4,39121.4,38981.1,39386.4,39367.1,38287.1,34706.1,36282.2
91000,New England,824585.9,828160.1,832697.2,838111.1,847967.5,848200.3,847509.5,858593.7,862145.9,866881.3,870416.7,871874.8,884370.5,881954,865456.1,840961.9,847028.1,846486.1,852703.2,859081.2,861217.3,871666.1,879551.2,878000.2,863925.5,883292.8,874898.7,887571.7,886805.6,891965.2,891646.2,887966.4,885887.1,882017.6,886692.5,887144.1,878144.5,888697.1,900037.7,912841.1,916128.8,925733.1,923903,931825.2,929216.8,933724.9,939005.7,939934,940640.6,948094.1,956186.4,959805.9,968261.2,971602.9,976149.1,975945.3,988345.1,988200.3,992084.5,994479.9,982275.4,890906.1,958935.4
92000,Mideast,2699884.4,2718724.6,2746909.7,2771036.8,2782790.6,2784383.5,2778578.2,2795413.3,2830785.1,2808025.7,2812212.8,2816223.2,2839488.6,2833690.8,2823837.5,2762651.5,2760635.2,2810587.5,2834331.7,2870792.3,2889421.3,2915293.6,2909499.4,2902245.9,2909663.6,2913052.9,2913274.4,2946633.4,2970735,2988280.1,3007572.5,3004072.5,2997122.2,3000773.3,3010820,3030844.8,3017549.9,3046425.2,3075610.7,3090298.1,3106963.9,3129976.5,3133506.8,3120207.3,3165240.6,3170775.9,3168885.4,3181909.2,3193688,3187946.8,3211673.3,3244211,3258664.7,3279364.3,3293804,3289548.8,3318078.2,3332819.5,3341010.4,3354014.1,3308994.4,2982969.5,3196245.9
93000,Great Lakes,2220506.4,2228680.6,2239107.3,2237663.6,2247515,2252143.2,2248939.1,2250831.1,2254695.6,2261869.2,2267622.2,2269041.4,2243694.8,2248026.8,2219561.2,2147138.5,2094726.6,2091989.9,2100886,2132203.2,2132012.4,2166755.6,2198583.5,2206085.2,2202326.5,2212841.6,2218392.9,2254680.5,2256892.2,2262067.3,2253691.2,2238799.8,2273268.7,2263281.3,2275823.5,2289803,2291120.8,2332477.2,2355070.1,2357571.4,2356658.7,2370412.6,2374410.5,2378644,2373164.2,2387365.9,2392104.5,2408726.9,2405561,2412022.5,2423830.2,2437209.4,2468779.4,2474190.3,2485673.6,2489428.6,2497403.2,2495572.4,2511861.1,2518650.7,2475934.4,2241411,2432481.9
94000,Plains,958546.8,963575.5,973168.3,970096.5,977814.4,987532,976344.2,980310.8,985405.4,999635.7,1002288.1,1013214.8,1017403.9,1024992.8,1017516.2,997588.1,984524.1,983707.1,991195.9,1002526.6,999330.4,1011887.4,1022205.5,1031789.6,1024417.4,1035610.3,1034976,1054086.3,1064886.8,1067607,1058008.8,1055568.8,1067254.4,1067694.2,1076636.3,1080612.7,1079247.6,1101437,1114408.8,1117018.2,1119405.3,1121395,1124733.1,1125974.9,1120660.8,1122223.9,1132916.6,1139658.9,1140028.4,1141696.8,1138459,1146348.2,1162046.3,1170233.5,1171517.2,1172057.8,1174465.5,1176740.9,1184436.7,1189598.7,1175932.7,1073113.9,1156820.6
95000,Southeast,3328742,3354530,3385129.5,3403911.9,3445422.3,3456786.4,3453091.2,3471693.2,3438853.7,3450153.1,3470316.3,3490750.8,3461151.3,3476015.8,3450036.5,3364253.2,3316992.4,3306446,3313578.8,3347780,3341271.4,3373460.9,3401630.2,3413773.5,3381824.9,3402626.9,3392437.6,3426396.2,3438020.4,3435290.3,3429799.8,3412045,3462990.6,3449132.2,3473130.8,3480261.3,3479671.8,3522377,3550178.7,3566803.8,3593683.5,3629424.6,3647153.2,3655834.7,3665310.2,3683812.3,3707305.2,3740664.6,3764161.3,3773191.5,3791800.7,3834121.2,3869222.3,3892814.9,3914729.6,3930189.3,3953369.4,3962770.5,3993252.2,4014815.2,3965080.4,3616853,3897638.7
96000,Southwest,1612743.7,1615437.6,1624024.8,1635703.9,1701117.8,1712578.6,1727019,1756378.6,1766865.6,1800680.4,1813347.1,1819899,1797476.1,1794945.4,1793452.6,1811419.4,1785307.2,1762441.3,1766755,1777430.8,1786143.8,1797720.5,1813124.9,1826092,1827869,1850951.1,1859612.7,1898516.9,1918665.3,1935862.5,1937748.5,1965321.9,1981422.4,1995714.6,2013253.6,2025299.1,2012792.6,2051751.1,2091575.7,2117579.4,2162697.8,2146172.7,2166425.9,2175776.6,2172817.7,2172482.9,2179941.1,2188392.1,2207300.5,2224502,2243907.1,2262596.5,2292120.5,2312847.9,2322338,2343214.1,2367545.4,2372103.4,2398981.2,2405613.5,2369910,2178657,2322876.4
97000,Rocky Mountain,480892.5,484961.4,489297.6,489926.4,502161,504996.8,510885.4,515304,518124.5,526927.2,530427.4,538472,532762.7,536871.5,535532.4,529887.3,528368.7,518420.9,519704.8,518710.6,521711,522889.4,528620,535572.1,531060.5,533683,533762.9,539712.6,540132.9,541147.5,539208.3,541981.1,551361,552366.1,557826.9,561248.1,564224.6,570783.5,577753,586528.6,594373.4,596703.3,600753.6,603098.4,605265.8,607058.4,614534.7,621311.1,623647.9,630688.4,638828.7,646170.1,657035.7,662861.5,665200.8,670631.3,679027.7,682543.6,692414.6,697780.4,692861.9,639178.3,685282.6
98000,Far West,2701107.2,2726481.1,2755535.9,2785011.3,2848299.2,2847083.9,2861920.5,2883124.3,2873168.5,2900916.6,2929285.5,2970049.2,2923382.4,2962345.6,2957930.4,2865599.6,2847387.2,2811464.2,2798906.4,2810583.4,2834171,2847708.2,2859673.9,2904984.3,2897994.4,2909481.9,2900620.4,2929772.3,2962221.5,2968075.4,2981367.9,3001630.2,3015782.5,3033233,3074397,3133517.4,3117593.1,3157773.7,3218311.1,3233702.8,3294276.3,3343420.5,3360821.6,3369209.4,3423347.5,3427512.4,3469698.2,3501289,3544927.1,3582266.9,3624781.7,3669271,3696030.6,3727645.7,3754932.5,3774168.1,3811626.7,3849427.3,3871961,3925586.2,3883890.1,3534099.2,3795218.4
